team,age,name,line,ppu,position_yahoo,position,rollup,vorp,yahoo_rank,rp,rp_vorp,rp_arbitrage,round,target
Col,25.0,Nathan MacKinnon,1.0,1.0,C,C,72.4,22.3,1.5,1.0,1.0,0.0,1.0,True
Edm,23.0,Connor McDavid,1.0,1.0,C,C,67.9,17.8,2.0,2.0,2.0,0.0,1.0,True
Was,35.0,Alex Ovechkin,1.0,1.0,LW,LW,65.7,16.4,3.5,1.0,1.0,0.0,1.0,False
NYR,29.0,Artemi Panarin,2.0,1.0,LW,LW,55.4,6.1,4.0,2.5,3.0,-0.5,1.0,True
Edm,25.0,Leon Draisaitl,2.0,1.0,"C,LW",LW,64.1,14.8,4.0,2.5,2.0,0.5,1.0,True
Buf,24.0,Jack Eichel,1.0,1.0,C,C,55.4,5.2,6.0,3.0,6.0,-3.0,1.0,False
Tor,23.0,Auston Matthews,1.0,1.0,C,C,56.2,6.0,7.0,4.0,3.0,1.0,1.0,True
Car,23.0,Sebastian Aho,1.0,1.0,C,C,50.6,0.5,9.0,5.0,8.0,-3.0,1.0,False
TB,26.0,Andrei Vasilevskiy,,,G,G,95.3,35.2,10.0,1.0,1.0,0.0,1.0,True
Pit,33.0,Sidney Crosby,1.0,1.0,C,C,56.0,5.9,10.5,6.0,4.0,2.0,1.0,False
Chi,32.0,Patrick Kane,1.0,1.0,RW,RW,55.6,9.7,10.5,1.0,1.0,0.0,1.0,False
Car,,Andrei Svechnikov,2.0,1.0,"LW,RW",LW,51.2,1.9,12.5,4.0,8.0,-4.0,2.0,False
Bos,32.0,Brad Marchand,1.0,1.0,LW,LW,53.9,4.6,13.5,5.0,5.0,0.0,2.0,False
NYR,27.0,Mika Zibanejad,1.0,1.0,C,C,56.0,5.8,14.0,7.0,5.0,2.0,2.0,True
Col,24.0,Mikko Rantanen,1.0,1.0,RW,RW,53.5,7.6,16.0,2.0,2.0,0.0,2.0,True
Wpg,27.0,Connor Hellebuyck,,,G,G,68.0,7.9,16.0,2.0,6.0,-4.0,2.0,False
Tor,23.0,Mitchell Marner,,,RW,RW,50.6,4.7,17.0,3.0,4.0,-1.0,2.0,True
Van,,Elias Pettersson,1.0,1.0,C,C,46.5,-3.6,20.0,8.0,11.0,-3.0,2.0,False
TB,30.0,Steven Stamkos,1.0,1.0,"LW,RW",LW,53.7,4.4,22.0,6.5,6.0,0.5,2.0,True
Wpg,22.0,Patrik Laine,2.0,1.0,"LW,RW",LW,47.4,-1.9,22.0,6.5,10.0,-3.5,2.0,False
TB,30.0,Victor Hedman,1.0,1.0,D,D,47.5,12.8,23.5,1.0,3.0,-2.0,2.0,False
VGK,32.0,Max Pacioretty,1.0,1.0,LW,LW,55.2,5.9,24.0,8.0,4.0,4.0,3.0,False
Tor,30.0,John Tavares,2.0,1.0,C,C,48.8,-1.3,24.5,9.5,9.0,0.5,3.0,True
TB,24.0,Brayden Point,1.0,1.0,C,C,44.1,-6.0,24.5,9.5,13.0,-3.5,3.0,False
Wpg,34.0,Blake Wheeler,1.0,1.0,"C,RW",RW,51.3,5.4,24.5,4.0,3.0,1.0,3.0,False
Van,,J.T. Miller,1.0,1.0,"LW,RW",RW,50.1,4.2,26.5,5.0,6.0,-1.0,3.0,False
Pit,34.0,Evgeni Malkin,2.0,1.0,C,C,55.1,4.9,27.5,11.0,7.0,4.0,3.0,False
Pit,26.0,Jake Guentzel,1.0,1.0,"LW,RW",RW,47.9,2.0,28.5,6.0,7.0,-1.0,3.0,True
Was,30.0,John Carlson,1.0,1.0,D,D,49.2,14.5,28.5,2.0,2.0,0.0,3.0,True
Cgy,23.0,Matthew Tkachuk,1.0,1.0,"LW,RW",RW,50.5,4.6,29.5,7.0,5.0,2.0,3.0,True
VGK,29.0,Robin Lehner,,,G,G,73.1,12.9,31.5,3.0,3.0,0.0,3.0,True
Nsh,30.0,Roman Josi,1.0,1.0,D,D,50.7,16.0,33.5,3.0,1.0,2.0,3.0,True
Bos,33.0,Tuukka Rask,,,G,G,69.6,9.4,34.0,4.0,5.0,-1.0,3.0,False
Fla,27.0,Jonathan Huberdeau,1.0,1.0,LW,LW,46.1,-3.2,35.5,9.0,11.0,-2.0,3.0,False
StL,27.0,Jordan Binnington,,,G,G,67.1,6.9,36.0,5.0,7.0,-2.0,4.0,False
Bos,24.0,David Pastrnak,,,RW,RW,40.6,-5.3,37.0,8.0,15.5,-7.5,4.0,False
Col,28.0,Gabriel Landeskog,2.0,2.0,"C,LW",LW,48.3,-1.0,38.5,10.0,9.0,1.0,4.0,True
Was,,Ilya Samsonov,,,G,G,58.3,-1.8,38.5,6.0,12.0,-6.0,4.0,False
Ott,,Brady Tkachuk,1.0,1.0,LW,LW,53.3,4.0,39.5,11.0,7.0,4.0,4.0,False
Bos,35.0,Patrice Bergeron,1.0,1.0,C,C,46.5,-3.7,40.5,12.0,12.0,0.0,4.0,False
Car,,Teuvo Teravainen,1.0,1.0,"LW,RW",LW,43.6,-5.7,41.5,12.0,14.5,-2.5,4.0,False
Phi,,Carter Hart,,,G,G,66.4,6.2,43.0,7.0,8.0,-1.0,4.0,False
Car,27.0,Dougie Hamilton,1.0,1.0,D,D,46.1,11.4,45.5,4.0,4.0,0.0,4.0,True
Cgy,27.0,Johnny Gaudreau,2.0,1.0,"LW,RW",RW,46.3,0.4,46.5,9.0,9.0,0.0,4.0,True
Ari,30.0,Darcy Kuemper,,,G,G,55.6,-4.5,47.5,8.0,14.0,-6.0,4.0,False
VGK,28.0,Mark Stone,1.0,1.0,RW,RW,47.2,1.3,47.5,10.0,8.0,2.0,4.0,True
StL,29.0,Ryan O'Reilly,1.0,1.0,C,C,40.1,-10.1,49.0,13.5,19.0,-5.5,5.0,False
Fla,25.0,Aleksander Barkov,1.0,1.0,C,C,43.4,-6.8,49.0,13.5,14.0,-0.5,5.0,False
Phi,28.0,Sean Couturier,1.0,1.0,C,C,41.3,-8.9,49.5,15.0,17.0,-2.0,5.0,False
Wpg,27.0,Mark Scheifele,1.0,1.0,C,C,41.6,-8.5,54.0,16.0,16.0,0.0,5.0,False
Dal,34.0,Anton Khudobin,,,G,G,75.7,15.6,55.0,9.0,2.0,7.0,5.0,False
Mon,28.0,Brendan Gallagher,1.0,2.0,RW,RW,41.7,-4.2,55.5,11.0,12.0,-1.0,5.0,True
SJ,35.0,Brent Burns,1.0,1.0,D,D,44.3,9.6,55.5,5.0,5.0,0.0,5.0,False
Phi,32.0,Claude Giroux,2.0,1.0,"C,LW",LW,42.4,-6.9,56.0,13.0,17.0,-4.0,5.0,False
Col,,Cale Makar,1.0,1.0,D,D,41.2,6.5,58.5,6.0,9.0,-3.0,5.0,False
Pit,25.0,Tristan Jarry,,,G,G,51.4,-8.7,59.5,10.0,20.0,-10.0,5.0,False
Cgy,26.0,Elias Lindholm,1.0,1.0,"C,RW",RW,42.3,-3.6,60.0,12.0,10.0,2.0,6.0,True
Was,28.0,Evgeny Kuznetsov,1.0,1.0,C,C,38.6,-11.5,62.5,17.0,24.5,-7.5,6.0,False
Col,30.0,Pavel Francouz,,,G,G,53.1,-7.0,63.0,11.0,17.0,-6.0,6.0,False
Wpg,24.0,Kyle Connor,2.0,1.0,LW,LW,41.4,-7.9,65.0,14.0,19.0,-5.0,6.0,False
StL,29.0,Brayden Schenn,1.0,1.0,"C,RW",C,42.5,-7.7,65.5,18.0,15.0,3.0,6.0,False
Buf,29.0,Taylor Hall,1.0,1.0,LW,LW,45.6,-3.7,66.0,15.0,13.0,2.0,6.0,True
Nsh,26.0,Filip Forsberg,1.0,1.0,LW,LW,42.1,-7.2,66.5,16.0,18.0,-2.0,6.0,False
Was,26.0,Tom Wilson,1.0,2.0,RW,RW,40.7,-5.2,67.5,13.0,14.0,-1.0,6.0,False
NYI,30.0,Anders Lee,1.0,1.0,LW,LW,40.1,-9.2,68.0,17.0,20.0,-3.0,6.0,False
VGK,30.0,Jonathan Marchessault,2.0,1.0,"C,LW",C,46.6,-3.5,69.0,19.0,10.0,9.0,6.0,True
Wpg,25.0,Neal Pionk,2.0,1.0,D,D,43.2,8.5,70.5,7.0,6.0,1.0,6.0,True
Phi,23.0,Travis Konecny,1.0,1.0,RW,RW,38.8,-7.1,71.5,14.0,18.0,-4.0,6.0,False
SJ,29.0,Evander Kane,2.0,1.0,LW,LW,45.7,-3.6,72.0,18.0,12.0,6.0,7.0,True
NYR,,Igor Shesterkin,,,G,G,57.4,-2.8,72.0,12.0,13.0,-1.0,7.0,False
StL,,Mike Hoffman,2.0,1.0,"LW,RW",LW,42.7,-6.6,74.5,19.0,16.0,3.0,7.0,False
VGK,30.0,Alex Pietrangelo,1.0,2.0,D,D,40.2,5.5,76.0,8.0,10.0,-2.0,7.0,False
Cls,26.0,Elvis Merzlikins,,,G,G,53.0,-7.2,76.5,13.0,18.0,-5.0,7.0,False
Cls,22.0,Pierre-Luc Dubois,1.0,,C,C,38.6,-11.5,76.5,20.0,24.5,-4.5,7.0,False
Tor,26.0,Morgan Rielly,1.0,1.0,D,D,36.9,2.2,79.5,9.0,12.0,-3.0,7.0,False
Edm,27.0,Ryan Nugent-Hopkins,1.0,1.0,"C,LW",LW,43.6,-5.7,80.5,20.0,14.5,5.5,7.0,False
Pit,33.0,Kris Letang,1.0,1.0,D,D,41.5,6.8,81.5,10.0,8.0,2.0,7.0,False
Det,24.0,Dylan Larkin,1.0,1.0,C,C,38.1,-12.1,82.0,21.0,27.0,-6.0,7.0,False
Bos,,Jaroslav Halak,,,G,G,45.8,-14.4,82.5,14.0,24.0,-10.0,7.0,False
Dal,34.0,Ben Bishop,,,G,G,49.7,-10.4,84.0,15.0,21.0,-6.0,8.0,False
Dal,31.0,Jamie Benn,1.0,1.0,"C,LW",C,40.7,-9.5,84.5,22.0,18.0,4.0,8.0,False
NYI,,Mathew Barzal,1.0,1.0,C,C,39.6,-10.6,86.5,23.0,20.0,3.0,8.0,False
NYR,29.0,Chris Kreider,1.0,1.0,LW,LW,39.7,-9.6,87.0,21.0,21.0,0.0,8.0,False
Dal,34.0,Alexander Radulov,2.0,1.0,"LW,RW",RW,35.9,-10.0,88.5,15.5,26.5,-11.0,8.0,False
Edm,,Kailer Yamamoto,2.0,2.0,RW,RW,34.3,-11.6,88.5,15.5,32.0,-16.5,8.0,False
Was,,Nicklas Backstrom,2.0,1.0,C,C,38.8,-11.4,89.5,24.0,22.5,1.5,8.0,False
SJ,31.0,Logan Couture,1.0,1.0,C,C,35.1,-15.1,90.5,25.0,30.0,-5.0,8.0,False
Tor,24.0,William Nylander,2.0,1.0,"LW,RW",LW,38.0,-11.3,91.0,22.0,23.0,-1.0,8.0,False
Cgy,26.0,Sean Monahan,2.0,1.0,C,C,38.4,-11.8,91.0,26.0,26.0,0.0,8.0,False
SJ,24.0,Timo Meier,1.0,1.0,"LW,RW",RW,40.5,-5.3,91.5,17.0,15.5,1.5,8.0,False
Tor,31.0,Frederik Andersen,,,G,G,60.0,-0.2,93.0,16.0,9.5,6.5,8.0,False
LA,33.0,Anze Kopitar,1.0,1.0,C,C,38.8,-11.4,93.5,27.0,22.5,4.5,8.0,False
NYR,27.0,Ryan Strome,2.0,2.0,"C,RW",C,36.9,-13.2,94.0,28.0,28.0,0.0,8.0,False
StL,32.0,David Perron,1.0,1.0,"LW,RW",RW,41.5,-4.4,94.5,18.0,13.0,5.0,8.0,False
Chi,23.0,Alex DeBrincat,1.0,1.0,"LW,RW",RW,36.9,-9.0,96.5,19.0,22.0,-3.0,9.0,False
Car,,Petr Mrazek,,,G,G,58.5,-1.7,96.5,17.0,11.0,6.0,9.0,False
Col,30.0,Nazem Kadri,2.0,1.0,C,C,39.1,-11.1,100.0,29.0,21.0,8.0,9.0,False
Fla,,Patric Hornqvist,2.0,2.0,RW,RW,41.8,-4.1,101.0,20.0,11.0,9.0,9.0,False
VGK,29.0,Reilly Smith,2.0,2.0,RW,RW,36.4,-9.5,101.5,21.0,24.0,-3.0,9.0,False
StL,29.0,Torey Krug,1.0,1.0,D,D,42.5,7.8,101.5,11.0,7.0,4.0,9.0,True
Dal,,Miro Heiskanen,2.0,2.0,D,D,33.8,-0.9,102.5,12.0,25.0,-13.0,9.0,False
Phi,23.0,Ivan Provorov,1.0,1.0,D,D,31.6,-3.1,103.5,13.0,33.5,-20.5,9.0,False
Cls,,Zach Werenski,1.0,1.0,D,D,34.7,0.0,104.5,14.0,21.0,-7.0,9.0,False
VGK,25.0,Shea Theodore,2.0,1.0,D,D,37.9,3.2,105.0,15.0,11.0,4.0,9.0,True
TB,29.0,Blake Coleman,3.0,,"LW,RW",LW,37.8,-11.5,108.0,23.0,24.0,-1.0,10.0,False
Mon,30.0,Tomas Tatar,1.0,2.0,"LW,RW",LW,38.1,-11.1,108.5,24.0,22.0,2.0,10.0,False
Was,,Jakub Vrana,2.0,2.0,LW,LW,31.1,-18.2,109.5,25.0,34.0,-9.0,10.0,False
Nsh,27.0,Viktor Arvidsson,1.0,1.0,"LW,RW",LW,30.5,-18.8,110.0,26.0,35.0,-9.0,10.0,False
NJ,29.0,Kyle Palmieri,1.0,1.0,RW,RW,37.4,-8.5,110.5,22.0,20.0,2.0,10.0,False
StL,28.0,Jaden Schwartz,2.0,2.0,LW,LW,36.6,-12.7,112.0,27.0,26.5,0.5,10.0,False
Cls,25.0,Max Domi,2.0,1.0,"C,LW",LW,31.2,-18.1,113.5,28.0,33.0,-5.0,10.0,False
Mon,35.0,Shea Weber,1.0,1.0,D,D,35.0,0.3,117.0,16.0,19.0,-3.0,10.0,False
Van,25.0,Bo Horvat,2.0,1.0,C,C,35.6,-14.6,117.0,30.0,29.0,1.0,10.0,False
Cls,26.0,Seth Jones,1.0,2.0,D,D,33.7,-1.0,118.5,17.0,26.0,-9.0,10.0,False
Mon,33.0,Carey Price,,,G,G,44.9,-15.3,118.5,18.0,26.0,-8.0,10.0,False
TB,23.0,Anthony Cirelli,2.0,2.0,C,C,29.2,-20.9,119.5,31.0,41.0,-10.0,10.0,False
Was,,T.J. Oshie,2.0,1.0,RW,RW,33.8,-12.1,120.5,23.0,33.0,-10.0,11.0,False
Nsh,25.0,Juuse Saros,,,G,G,60.0,-0.2,122.5,19.0,9.5,9.5,11.0,True
NYI,26.0,Ryan Pulock,1.0,1.0,D,D,35.0,0.2,124.0,18.0,20.0,-2.0,11.0,False
Van,23.0,Brock Boeser,1.0,1.0,RW,RW,35.3,-10.6,124.0,24.0,28.0,-4.0,11.0,False
NYR,,Adam Fox,2.0,2.0,D,D,29.0,-5.7,125.5,19.0,40.0,-21.0,11.0,False
Cls,31.0,Cam Atkinson,2.0,2.0,RW,RW,36.0,-9.9,125.5,25.0,25.0,0.0,11.0,False
Min,,Kirill Kaprizov,1.0,1.0,LW,LW,29.5,-19.8,125.5,29.0,38.0,-9.0,11.0,False
NYI,29.0,Brock Nelson,2.0,2.0,C,C,32.0,-18.1,128.5,32.0,33.0,-1.0,11.0,False
SJ,27.0,Tomas Hertl,2.0,1.0,"C,LW",C,31.3,-18.8,130.0,33.0,36.0,-3.0,11.0,False
TB,29.0,Ondrej Palat,1.0,1.0,LW,LW,35.6,-13.7,130.5,30.0,28.0,2.0,11.0,False
Col,29.0,Philipp Grubauer,,,G,G,72.2,12.1,130.5,20.0,4.0,16.0,11.0,True
Cls,26.0,Joonas Korpisalo,,,G,G,52.6,-7.5,132.0,21.0,19.0,2.0,12.0,False
Chi,25.0,Dominik Kubalik,2.0,1.0,"LW,RW",RW,34.8,-11.1,134.0,26.0,30.0,-4.0,12.0,False
NYR,,Tony DeAngelo,,,D,D,34.1,-0.6,134.0,20.0,24.0,-4.0,12.0,False
Wpg,24.0,Nikolaj Ehlers,1.0,2.0,"LW,RW",RW,33.3,-12.6,135.5,27.0,34.0,-7.0,12.0,False
Ari,29.0,Oliver Ekman-Larsson,1.0,1.0,D,D,32.1,-2.6,135.5,21.0,31.0,-10.0,12.0,False
Mon,28.0,Tyler Toffoli,3.0,1.0,"LW,RW",RW,32.2,-13.7,136.0,28.0,37.0,-9.0,12.0,False
Mon,33.0,Jeff Petry,2.0,1.0,D,D,36.8,2.1,136.0,22.0,13.0,9.0,12.0,False
Nsh,30.0,Ryan Ellis,1.0,2.0,D,D,32.9,-1.8,136.5,23.0,28.0,-5.0,12.0,False
Buf,25.0,Victor Olofsson,1.0,1.0,"LW,RW",RW,33.2,-12.7,137.5,29.0,35.0,-6.0,12.0,False
VGK,27.0,William Karlsson,2.0,1.0,C,C,33.9,-16.3,137.5,34.0,31.0,3.0,12.0,False
Min,24.0,Kevin Fiala,2.0,1.0,"LW,RW",RW,38.0,-7.9,138.5,30.0,19.0,11.0,12.0,False
Cgy,,Jacob Markstrom,,,G,G,54.0,-6.2,138.5,22.0,15.0,7.0,12.0,False
Ott,,Evgenii Dadonov,1.0,1.0,"LW,RW",RW,35.9,-10.0,139.0,31.0,26.5,4.5,12.0,False
Mon,26.0,Josh Anderson,2.0,2.0,RW,RW,34.5,-11.4,141.0,32.0,31.0,1.0,12.0,False
Cls,25.0,Oliver Bjorkstrand,1.0,2.0,"LW,RW",LW,36.9,-12.4,142.0,31.0,25.0,6.0,12.0,False
VGK,,Marc-Andre Fleury,,,G,G,35.8,-24.4,142.5,23.0,30.0,-7.0,12.0,False
Buf,,Rasmus Dahlin,2.0,1.0,D,D,34.5,-0.2,144.5,24.5,22.0,2.5,13.0,False
Van,,Quinn Hughes,2.0,1.0,D,D,34.2,-0.5,144.5,24.5,23.0,1.5,13.0,False
LA,36.0,Dustin Brown,1.0,1.0,RW,RW,37.2,-8.7,145.5,33.0,21.0,12.0,13.0,False
Mon,27.0,Phillip Danault,1.0,,C,C,31.6,-18.5,146.5,35.0,34.0,1.0,13.0,False
Phi,31.0,Jakub Voracek,3.0,2.0,RW,RW,35.1,-10.8,147.5,34.0,29.0,5.0,13.0,False
StL,29.0,Vladimir Tarasenko,,,RW,RW,29.2,-16.7,148.0,35.0,48.0,-13.0,13.0,False
Buf,28.0,Jeff Skinner,2.0,2.0,LW,LW,32.3,-17.0,148.5,32.0,30.5,1.5,13.0,False
Tor,28.0,Zach Hyman,3.0,,"C,LW",C,31.2,-18.9,152.0,36.0,37.5,-1.5,13.0,False
Nsh,29.0,Matt Duchene,2.0,1.0,"C,RW",RW,29.1,-16.8,153.5,36.0,49.0,-13.0,13.0,False
Bos,23.0,Charlie McAvoy,1.0,2.0,D,D,29.8,-4.9,156.5,26.0,39.0,-13.0,14.0,False
Cgy,37.0,Mark Giordano,1.0,1.0,D,D,32.8,-1.9,159.5,27.0,29.0,-2.0,14.0,False
Fla,24.0,Aaron Ekblad,1.0,1.0,D,D,28.8,-5.9,161.0,28.0,41.0,-13.0,14.0,False
Buf,26.0,Rasmus Ristolainen,1.0,2.0,D,D,35.7,0.9,163.5,29.0,15.0,14.0,14.0,True
Fla,34.0,Keith Yandle,2.0,2.0,D,D,32.0,-2.7,164.0,30.0,32.0,-2.0,14.0,False
Pit,28.0,Bryan Rust,2.0,1.0,"LW,RW",RW,39.4,-6.5,166.5,37.0,17.0,20.0,14.0,False
Edm,25.0,Darnell Nurse,1.0,2.0,D,D,35.2,0.5,166.5,31.0,17.0,14.0,14.0,True
Anh,27.0,Rickard Rakell,1.0,1.0,"LW,RW",LW,36.6,-12.7,167.5,33.0,26.5,6.5,14.0,False
SJ,30.0,Erik Karlsson,2.0,2.0,D,D,35.3,0.6,169.5,32.5,16.0,16.5,15.0,True
TB,22.0,Mikhail Sergachev,2.0,2.0,D,D,31.7,-3.1,169.5,32.5,33.5,-1.0,15.0,False
Bos,31.0,Craig Smith,3.0,2.0,RW,RW,30.9,-15.0,170.0,38.0,43.0,-5.0,15.0,False
Buf,25.0,Sam Reinhart,2.0,1.0,"C,RW",RW,30.3,-15.6,170.5,39.0,45.0,-6.0,15.0,False
Edm,29.0,Tyson Barrie,2.0,1.0,D,D,33.5,-1.2,170.5,34.0,27.0,7.0,15.0,False
Nsh,28.0,Ryan Johansen,1.0,1.0,C,C,28.8,-21.3,170.5,37.0,43.0,-6.0,15.0,False
Ott,23.0,Thomas Chabot,1.0,1.0,D,D,35.1,0.4,171.0,35.0,18.0,17.0,15.0,True
Pit,28.0,Jason Zucker,2.0,2.0,"LW,RW",RW,32.9,-13.0,172.0,40.0,36.0,4.0,15.0,False
Min,36.0,Zach Parise,1.0,1.0,LW,LW,32.2,-17.1,172.5,34.0,32.0,2.0,15.0,False
Dal,28.0,John Klingberg,1.0,1.0,D,D,31.0,-3.7,174.5,36.0,36.0,0.0,15.0,False
Ari,33.0,Phil Kessel,1.0,1.0,RW,RW,36.5,-9.4,177.5,41.0,23.0,18.0,15.0,False
StL,27.0,Colton Parayko,1.0,2.0,D,D,31.2,-3.5,178.0,37.0,35.0,2.0,15.0,False
Det,25.0,Tyler Bertuzzi,1.0,1.0,"LW,RW",RW,28.0,-17.9,179.0,42.5,52.0,-9.5,15.0,False
Ari,22.0,Clayton Keller,2.0,1.0,"LW,RW",RW,30.6,-15.3,179.0,42.5,44.0,-1.5,15.0,False
Mon,30.0,Jake Allen,,,G,G,23.8,-36.3,179.5,24.5,43.0,-18.5,15.0,False
Edm,32.0,Mikko Koskinen,,,G,G,45.0,-15.2,179.5,24.5,25.0,-0.5,15.0,False
Cgy,31.0,Mikael Backlund,3.0,2.0,"C,RW",C,31.5,-18.7,179.5,38.0,35.0,3.0,15.0,False
Col,25.0,Ryan Graves,3.0,,D,D,25.9,-8.8,181.5,38.0,46.0,-8.0,16.0,False
Phi,28.0,Kevin Hayes,2.0,1.0,C,C,31.1,-19.0,181.5,39.0,39.0,0.0,16.0,False
NYR,26.0,Jacob Trouba,1.0,2.0,D,D,32.3,-2.4,182.0,39.0,30.0,9.0,16.0,False
Cls,33.0,Nick Foligno,2.0,2.0,"LW,RW",LW,32.3,-17.0,182.5,35.5,30.5,5.0,16.0,False
TB,31.0,Alex Killorn,2.0,1.0,"LW,RW",LW,29.6,-19.7,182.5,35.5,37.0,-1.5,16.0,False
NJ,36.0,Corey Crawford,,,G,G,28.3,-31.9,186.0,26.0,38.0,-12.0,16.0,False
NJ,,MacKenzie Blackwood,,,G,G,40.3,-19.8,189.0,27.0,27.5,-0.5,16.0,False
Det,26.0,Anthony Mantha,1.0,1.0,"LW,RW",LW,34.2,-15.1,189.5,37.0,29.0,8.0,16.0,False
LA,31.0,Drew Doughty,1.0,1.0,D,D,36.2,1.5,192.5,40.0,14.0,26.0,17.0,False
Pit,29.0,Brandon Tanev,4.0,,"LW,RW",RW,28.1,-17.8,193.0,44.0,50.5,-6.5,17.0,False
Min,33.0,Cam Talbot,,,G,G,53.6,-6.5,193.0,28.0,16.0,12.0,17.0,False
NYR,25.0,Pavel Buchnevich,1.0,2.0,RW,RW,32.0,-13.9,195.0,45.0,38.0,7.0,17.0,False
NJ,22.0,Nico Hischier,,,C,C,29.8,-20.3,196.0,40.0,40.0,0.0,17.0,False
Dal,24.0,Roope Hintz,1.0,2.0,"C,LW",C,29.0,-21.1,197.0,41.0,42.0,-1.0,17.0,False
Min,,Alex Stalock,,,G,G,16.6,-43.6,197.5,29.0,49.0,-20.0,17.0,False
Col,,Andre Burakovsky,1.0,1.0,"LW,RW",LW,28.8,-20.4,197.5,38.0,40.5,-2.5,17.0,False
NYI,25.0,Ilya Sorokin,,,G,G,26.0,-34.2,200.0,30.0,42.0,-12.0,17.0,False
NYI,32.0,Semyon Varlamov,,,G,G,45.9,-14.3,200.5,31.0,23.0,8.0,17.0,False
Dal,28.0,Tyler Seguin,,,"C,RW",RW,27.0,-18.9,200.5,46.0,55.0,-9.0,17.0,False
Chi,23.0,Dylan Strome,1.0,1.0,"C,RW",C,27.5,-22.6,206.5,42.0,45.0,-3.0,18.0,False
Dal,36.0,Joe Pavelski,2.0,1.0,"C,RW",RW,31.6,-14.3,207.0,47.0,40.0,7.0,18.0,False
Car,27.0,Vincent Trocheck,2.0,1.0,C,C,32.2,-18.0,207.0,43.0,32.0,11.0,18.0,False
Min,35.0,Ryan Suter,1.0,2.0,D,D,30.6,-4.1,207.5,41.0,37.0,4.0,18.0,False
Buf,36.0,Eric Staal,2.0,2.0,C,C,25.9,-24.2,208.5,44.0,47.0,-3.0,18.0,False
Phi,31.0,James van Riemsdyk,3.0,2.0,LW,LW,26.2,-23.1,210.5,39.0,42.5,-3.5,18.0,False
Mon,25.0,Jonathan Drouin,2.0,1.0,"C,LW",LW,28.9,-20.4,212.0,40.0,40.5,-0.5,18.0,False
Car,26.0,Jaccob Slavin,1.0,,D,D,23.2,-11.5,213.5,42.0,54.0,-12.0,18.0,False
NYI,28.0,Jean-Gabriel Pageau,3.0,2.0,C,C,31.3,-18.9,216.0,45.5,37.5,8.0,19.0,False
Van,25.0,Thatcher Demko,,,G,G,32.1,-28.1,216.0,32.0,32.0,0.0,19.0,False
Bos,34.0,David Krejci,2.0,1.0,C,C,28.3,-21.8,216.0,45.5,44.0,1.5,19.0,False
VGK,24.0,Alex Tuch,3.0,2.0,"LW,RW",LW,29.9,-19.3,220.5,41.0,36.0,5.0,19.0,False
Tor,31.0,Jake Muzzin,2.0,,D,D,27.3,-7.4,220.5,43.0,43.0,0.0,19.0,False
Fla,32.0,Sergei Bobrovsky,,,G,G,47.6,-12.6,220.5,33.0,22.0,11.0,19.0,False
Wpg,35.0,Paul Stastny,2.0,2.0,C,C,25.6,-24.6,220.5,47.0,48.0,-1.0,19.0,False
Dal,23.0,Denis Gurianov,1.0,1.0,"LW,RW",RW,27.1,-18.8,221.5,48.0,54.0,-6.0,19.0,False
Mon,,Nick Suzuki,2.0,1.0,"C,RW",RW,31.7,-14.2,223.0,49.0,39.0,10.0,19.0,False
Bos,28.0,Charlie Coyle,3.0,1.0,"C,RW",C,26.1,-24.1,226.0,48.0,46.0,2.0,19.0,False
NJ,28.0,Nikita Gusev,1.0,1.0,"LW,RW",RW,31.4,-14.5,228.5,50.0,41.0,9.0,20.0,False
Nsh,30.0,Mattias Ekholm,2.0,,D,D,25.1,-9.6,229.0,44.0,48.5,-4.5,20.0,False
TB,23.0,Erik Cernak,3.0,,D,D,23.5,-11.2,231.0,45.0,53.0,-8.0,20.0,False
NYI,31.0,Josh Bailey,2.0,2.0,"LW,RW",LW,26.2,-23.1,234.0,42.0,42.5,-0.5,20.0,False
Min,26.0,Matt Dumba,,,D,D,27.0,-7.7,239.0,46.0,44.0,2.0,20.0,False
Fla,,Chris Driedger,,,G,G,28.8,-31.4,240.0,34.0,36.0,-2.0,21.0,False
Anh,31.0,Kevin Shattenkirk,1.0,1.0,D,D,25.4,-9.3,242.0,47.0,47.0,0.0,21.0,False
Van,29.0,Nate Schmidt,1.0,2.0,D,D,21.8,-12.9,242.5,48.0,61.5,-13.5,21.0,False
Col,28.0,Brandon Saad,2.0,,"LW,RW",RW,25.8,-20.1,243.0,51.0,56.0,-5.0,21.0,False
Min,31.0,Jared Spurgeon,1.0,1.0,D,D,26.9,-7.8,246.5,49.0,45.0,4.0,21.0,False
SJ,25.0,Kevin Labanc,1.0,2.0,"LW,RW",RW,31.0,-14.9,246.5,52.0,42.0,10.0,21.0,False
Car,32.0,James Reimer,,,G,G,32.0,-28.2,247.0,35.0,33.0,2.0,21.0,False
LA,,Calvin Petersen,,,G,G,26.7,-33.4,248.0,36.0,40.0,-4.0,21.0,False
NYR,24.0,Alexandar Georgiev,,,G,G,18.1,-42.1,249.0,37.0,47.0,-10.0,21.0,False
VGK,33.0,Ryan Reaves,4.0,,RW,RW,24.9,-21.0,249.5,53.0,57.0,-4.0,21.0,False
Bos,27.0,Matt Grzelcyk,2.0,1.0,D,D,28.4,-6.3,251.0,50.0,42.0,8.0,21.0,False
Edm,,Jesse Puljujarvi,3.0,2.0,RW,RW,29.4,-16.5,251.5,54.0,47.0,7.0,21.0,False
Bos,24.0,Jake DeBrusk,2.0,2.0,"LW,RW",RW,28.1,-17.8,252.0,55.0,50.5,4.5,22.0,False
Pit,24.0,Kasperi Kapanen,,,"LW,RW",RW,27.2,-18.7,256.0,56.0,53.0,3.0,22.0,False
Fla,25.0,Anthony Duclair,1.0,1.0,"LW,RW",LW,29.1,-20.2,257.0,43.0,39.0,4.0,22.0,False
Anh,27.0,John Gibson,,,G,G,37.1,-23.1,258.5,38.0,29.0,9.0,22.0,False
Van,34.0,Alexander Edler,1.0,2.0,D,D,30.1,-4.6,261.5,51.0,38.0,13.0,22.0,False
Dal,26.0,Esa Lindell,1.0,2.0,D,D,22.6,-12.1,268.0,52.0,55.5,-3.5,23.0,False
Van,31.0,Braden Holtby,,,G,G,40.3,-19.8,268.5,39.0,27.5,11.5,23.0,False
Buf,27.0,Linus Ullmark,,,G,G,29.8,-30.4,270.0,40.0,34.0,6.0,23.0,False
VGK,,Cody Glass,3.0,2.0,"C,RW",RW,29.4,-16.4,271.5,57.0,46.0,11.0,23.0,False
SJ,34.0,Devan Dubnyk,,,G,G,23.6,-36.6,274.5,41.0,45.0,-4.0,23.0,False
Col,22.0,Samuel Girard,2.0,2.0,D,D,23.6,-11.1,276.0,53.0,52.0,1.0,24.0,False
Mon,29.0,Ben Chiarot,1.0,,D,D,22.2,-12.5,280.5,54.0,59.0,-5.0,24.0,False
Was,29.0,Dmitry Orlov,,,D,D,22.6,-12.1,282.0,55.0,55.5,-0.5,24.0,False
Buf,35.0,Carter Hutton,,,G,G,12.0,-48.2,287.0,42.0,51.0,-9.0,24.0,False
Pit,29.0,Casey DeSmith,,,G,G,29.2,-31.0,289.5,43.0,35.0,8.0,25.0,False
Col,26.0,Devon Toews,1.0,2.0,D,D,22.4,-12.3,289.5,56.0,57.0,-1.0,25.0,False
StL,24.0,Vince Dunn,3.0,2.0,D,D,21.8,-12.9,292.0,57.0,61.5,-4.5,25.0,False
Ari,22.0,Jakob Chychrun,2.0,2.0,D,D,25.0,-9.7,292.5,58.0,50.0,8.0,25.0,False
Wpg,,Josh Morrissey,1.0,2.0,D,D,24.2,-10.6,295.5,59.5,51.0,8.5,25.0,False
Chi,37.0,Duncan Keith,1.0,1.0,D,D,22.1,-12.6,295.5,59.5,60.0,-0.5,25.0,False
Ott,,Tim Stuetzle,2.0,2.0,LW,LW,21.9,-27.4,296.0,44.0,44.0,0.0,25.0,False
Det,34.0,Thomas Greiss,,,G,G,16.4,-43.8,297.5,44.0,50.0,-6.0,25.0,False
Chi,25.0,Nikita Zadorov,2.0,,D,D,20.2,-14.5,303.0,61.0,63.0,-2.0,26.0,False
Bos,24.0,Brandon Carlo,2.0,,D,D,20.1,-14.6,308.0,62.0,64.0,-2.0,26.0,False
Ari,31.0,Antti Raanta,,,G,G,27.6,-32.6,312.0,45.0,39.0,6.0,27.0,False
LA,34.0,Jonathan Quick,,,G,G,35.4,-24.8,319.5,46.0,31.0,15.0,27.0,False
Tor,28.0,Jack Campbell,,,G,G,22.2,-37.9,324.0,47.0,46.0,1.0,28.0,False
Pit,,John Marino,2.0,2.0,D,D,19.3,-15.4,325.5,63.0,65.0,-2.0,28.0,False
Phi,28.0,Erik Gustafsson,3.0,2.0,D,D,25.1,-9.6,328.5,64.0,48.5,15.5,28.0,False
Ott,26.0,Matt Murray,,,G,G,26.4,-33.7,328.5,48.0,41.0,7.0,28.0,False
Cgy,28.0,David Rittich,,,G,G,16.8,-43.4,344.5,49.0,48.0,1.0,29.0,False
StL,28.0,Justin Faulk,2.0,,D,D,22.3,-12.4,350.0,65.0,58.0,7.0,30.0,False
Nsh,38.0,Pekka Rinne,,,G,G,28.6,-31.6,374.0,50.0,37.0,13.0,32.0,False
StL,,Robert Thomas,2.0,2.0,"C,RW",C,21.3,-28.9,416.0,49.0,49.0,0.0,35.0,False
TB,31.0,Ryan McDonagh,2.0,,D,D,17.6,-17.1,474.0,66.0,66.0,0.0,40.0,False
SJ,30.0,Martin Jones,,,G,G,23.7,-36.5,524.5,51.0,44.0,7.0,44.0,False
